GeoName,GeoID,HHIU10E,HHI10t14E,HHI15t24E,HHI25t34E,HHI35t49E,HHI50t74E,HHI75t99E,HI100t149E,HI150t199E,HHI200plE,GeogName,EA_LTHSGrE,EA_BchDHE
Greenpoint,BK0101,918,613,1084,796,1034,2096,2034,2978,1933,2756,Greenpoint,2509,16534
Williamsburg,BK0102,1794,1161,1417,1209,1929,2396,2643,4335,3023,5496,Williamsburg,5745,26775
South Williamsburg,BK0103,737,1452,2396,1347,1251,1176,754,614,388,304,South Williamsburg,5121,2006
East Williamsburg,BK0104,2533,1866,2284,1777,1928,2727,2379,2931,1967,2528,East Williamsburg,8706,16675
Brooklyn Heights,BK0201,388,227,465,454,454,945,1142,1823,1581,3671,Brooklyn Heights,403,14577
Downtown Brooklyn-DUMBO-Boerum Hill,BK0202,1420,452,988,750,894,1221,1150,2397,1966,4588,Downtown Brooklyn-DUMBO-Boerum Hill,1932,18758
Fort Greene,BK0203,1510,729,1029,971,1188,1734,1264,2026,1300,2297,Fort Greene,3260,12909
Clinton Hill,BK0204,856,484,526,596,901,1514,1506,1922,1462,1980,Clinton Hill,1402,12981
Bedford-Stuyvesant (West),BK0301,3585,2146,3041,2390,2979,4279,3107,4049,2548,2857,Bedford-Stuyvesant (West),9165,22489
Bedford-Stuyvesant (East),BK0302,3724,2457,3169,2819,3454,4880,3976,4596,1918,2593,Bedford-Stuyvesant (East),8956,21013
Bushwick (West),BK0401,1780,1293,1906,1735,1859,2792,2503,3136,1605,1037,Bushwick (West),9477,13190
Bushwick (East),BK0402,2540,1312,2561,1599,2191,3311,2512,2711,1310,867,Bushwick (East),9420,10209
Cypress Hills,BK0501,1507,591,1280,1152,1381,2447,1447,1531,753,555,Cypress Hills,5251,3575
East New York (North),BK0502,2441,882,1623,1248,1892,1973,1520,1280,418,383,East New York (North),5664,3108
East New York-New Lots,BK0503,3452,1408,2170,1965,2031,2915,1596,1954,716,392,East New York-New Lots,5549,5034
Spring Creek-Starrett City,BK0504,816,1093,1168,1016,1195,1057,753,384,118,71,Spring Creek-Starrett City,2014,2313
East New York-City Line,BK0505,2689,1059,1837,1697,2301,1764,1620,1201,510,435,East New York-City Line,4940,3776
Carroll Gardens-Cobble Hill-Gowanus-Red Hook,BK0601,2350,1174,1350,1511,1608,2297,2144,3337,3032,6222,Carroll Gardens-Cobble Hill-Gowanus-Red Hook,5811,27433
Park Slope,BK0602,967,375,675,837,1037,1692,2458,4390,3697,8386,Park Slope,1753,35956
Windsor Terrace-South Slope,BK0701,492,268,429,389,564,990,1299,1937,1274,2248,Windsor Terrace-South Slope,1222,12535
Sunset Park (West),BK0702,880,1053,1815,1322,2046,2497,1839,2358,961,1549,Sunset Park (West),11616,11099
Sunset Park (Central),BK0703,870,826,1497,1495,1875,2631,1533,1543,629,525,Sunset Park (Central),16806,5447
Prospect Heights,BK0801,583,285,407,321,726,944,1125,1623,1360,2417,Prospect Heights,1436,12574
Crown Heights (North),BK0802,4173,2739,3612,2855,3889,4644,3509,4577,2230,2328,Crown Heights (North),10251,22584
Crown Heights (South),BK0901,1387,1346,2249,1592,2670,3384,2545,2407,892,945,Crown Heights (South),5092,11426
Prospect Lefferts Gardens-Wingate,BK0902,1968,956,1311,2069,2422,3165,2354,2569,1403,1187,Prospect Lefferts Gardens-Wingate,4211,12737
Bay Ridge,BK1001,2005,1493,2582,2368,3213,4809,4454,5745,2930,4109,Bay Ridge,7652,29449
Dyker Heights,BK1002,773,638,1516,1359,1608,2060,1521,2252,1080,1161,Dyker Heights,8543,9085
Bensonhurst,BK1101,1855,2190,3719,3182,4307,5355,4036,4353,2107,1668,Bensonhurst,19812,20673
Bath Beach,BK1102,458,588,1222,1094,1258,1503,1497,1947,974,771,Bath Beach,4690,8002
Gravesend (West),BK1103,1247,1328,2206,1875,2287,2737,2209,2911,1423,1371,Gravesend (West),9346,12988
Sunset Park (East)-Borough Park (West),BK1201,599,740,1174,970,1324,1337,894,912,369,272,Sunset Park (East)-Borough Park (West),9023,3698
Borough Park,BK1202,1306,1565,3570,2768,2562,2762,1781,1944,767,962,Borough Park,9658,7205
Kensington,BK1203,538,891,1291,1041,1447,2231,1657,2268,1123,1176,Kensington,3964,12117
Mapleton-Midwood (West),BK1204,720,719,986,1271,1136,1576,1468,1577,676,1115,Mapleton-Midwood (West),3289,7328
Gravesend (South),BK1301,1077,1184,1609,872,1038,1403,1127,1409,613,646,Gravesend (South),4206,7221
Coney Island-Sea Gate,BK1302,2042,3297,3203,1718,2444,2891,1411,1704,662,728,Coney Island-Sea Gate,6413,13503
Brighton Beach,BK1303,1187,2035,1687,1009,1219,2006,1164,1289,737,627,Brighton Beach,3036,11357
Flatbush,BK1401,1720,1523,2112,2435,2936,5236,3478,3594,1195,1215,Flatbush,6515,14382
Flatbush (West)-Ditmas Park-Parkville,BK1402,1204,964,1162,1427,1472,2328,1812,1806,1166,1377,Flatbush (West)-Ditmas Park-Parkville,4708,11843
Midwood,BK1403,1117,1612,1620,1237,1960,2783,1877,2372,1225,1485,Midwood,4314,14715
Gravesend (East)-Homecrest,BK1501,961,1241,1694,1877,1924,2516,2078,2699,1139,1539,Gravesend (East)-Homecrest,5468,12500
Madison,BK1502,901,788,1192,1079,1603,2011,1893,2688,1139,1450,Madison,3890,11373
Sheepshead Bay-Manhattan Beach-Gerritsen Beach,BK1503,1452,1830,2559,1982,2549,3669,2762,4372,2196,2112,Sheepshead Bay-Manhattan Beach-Gerritsen Beach,6764,20137
Ocean Hill,BK1601,2372,787,1437,1488,2010,2002,1422,1385,574,491,Ocean Hill,4851,5021
Brownsville,BK1602,5936,2476,2833,1771,2272,2117,949,1198,301,264,Brownsville,8943,3687
East Flatbush-Erasmus,BK1701,1517,866,1329,1560,2094,2796,2202,2248,941,691,East Flatbush-Erasmus,3817,8144
East Flatbush-Farragut,BK1702,585,451,1060,1318,1566,2448,1671,2027,660,622,East Flatbush-Farragut,3087,6727
East Flatbush-Rugby,BK1703,994,746,1498,1432,2075,2472,1852,2240,890,544,East Flatbush-Rugby,3408,6393
East Flatbush-Remsen Village,BK1704,1656,834,1865,1683,2034,2592,1441,1788,471,448,East Flatbush-Remsen Village,4730,6110
Flatlands,BK1801,1002,835,1718,1531,2489,3593,3315,4610,2241,1857,Flatlands,5400,15762
Marine Park-Mill Basin-Bergen Beach,BK1802,551,461,865,1049,1300,2036,2336,3021,2162,2271,Marine Park-Mill Basin-Bergen Beach,2861,12948
Canarsie,BK1803,1885,1265,2358,2181,3000,4666,4309,5526,2424,1927,Canarsie,7465,16933
Mott Haven-Port Morris,BX0101,4272,2779,3069,1969,2667,1919,1187,878,270,345,Mott Haven-Port Morris,12437,3311
Melrose,BX0102,2986,1801,1881,1972,1892,1702,1112,958,241,292,Melrose,8638,3365
Hunts Point,BX0201,1021,563,879,312,740,526,275,213,213,58,Hunts Point,2950,1314
Longwood,BX0202,2651,1771,1707,1891,1568,1644,905,868,157,170,Longwood,8553,3164
Morrisania,BX0301,2429,1264,2299,1230,1683,1612,1083,613,148,186,Morrisania,6535,2877
Claremont Village-Claremont (East),BX0302,1668,1127,1032,1054,1127,868,497,439,102,25,Claremont Village-Claremont (East),5336,1548
Crotona Park East,BX0303,2073,1106,1474,1093,1438,1090,738,460,288,248,Crotona Park East,5748,2791
Concourse-Concourse Village,BX0401,3608,2940,3763,2564,3330,3370,2149,1638,477,426,Concourse-Concourse Village,13666,6937
Highbridge,BX0402,1849,1097,1831,1472,1539,1676,811,747,139,132,Highbridge,6280,2815
Mount Eden-Claremont (West),BX0403,2958,1434,2300,2100,2151,2882,1486,876,195,114,Mount Eden-Claremont (West),10182,4813
University Heights (South)-Morris Heights,BX0501,3305,2710,3096,1903,2266,2637,1406,976,422,115,University Heights (South)-Morris Heights,11200,4386
Mount Hope,BX0502,2422,1892,2217,1304,2320,2645,1472,877,257,187,Mount Hope,10037,3643
Fordham Heights,BX0503,1968,995,1742,1000,1823,1201,824,606,105,32,Fordham Heights,7076,1735
West Farms,BX0601,1204,880,1294,688,584,1076,357,245,84,82,West Farms,4587,1215
Tremont,BX0602,1909,1824,1790,1137,1164,1513,666,643,265,59,Tremont,6750,2591
Belmont,BX0603,2184,1555,1748,1256,1729,1879,477,597,119,111,Belmont,6350,2566
University Heights (North)-Fordham,BX0701,2261,1387,2349,1353,2148,2763,1515,751,308,245,University Heights (North)-Fordham,9640,4080
Bedford Park,BX0702,2333,1681,2767,1943,2824,3650,2161,1390,598,415,Bedford Park,9663,5802
Norwood,BX0703,1661,1552,1925,1966,2118,2233,1404,1122,427,131,Norwood,7109,5678
Kingsbridge Heights-Van Cortlandt Village,BX0801,1398,761,1796,1085,1683,2519,1348,1419,456,323,Kingsbridge Heights-Van Cortlandt Village,7046,5947
Kingsbridge-Marble Hill,BX0802,1002,871,1473,791,1332,1863,713,1110,391,203,Kingsbridge-Marble Hill,3979,4740
Riverdale-Spuyten Duyvil,BX0803,798,542,1144,1152,1215,2535,2571,3507,2134,3223,Riverdale-Spuyten Duyvil,2841,20318
Soundview-Bruckner-Bronx River,BX0901,3629,1819,3411,3080,3267,4034,1948,1876,433,318,Soundview-Bruckner-Bronx River,14145,6246
Soundview-Clason Point,BX0902,1883,1253,1584,1213,1243,1824,1545,1227,428,286,Soundview-Clason Point,5823,4010
Castle Hill-Unionport,BX0903,1479,1063,1576,1274,1390,1741,1390,1480,755,483,Castle Hill-Unionport,6848,4433
Parkchester,BX0904,982,468,1296,1019,1853,3091,1477,1850,417,244,Parkchester,3624,5758
Westchester Square,BX1001,604,384,605,541,613,950,522,500,191,118,Westchester Square,2679,2351
Throgs Neck-Schuylerville,BX1002,1243,1062,1494,1016,1800,2352,1843,3008,1610,1264,Throgs Neck-Schuylerville,5281,8248
Pelham Bay-Country Club-City Island,BX1003,545,729,839,944,1138,1706,1784,1815,1052,731,Pelham Bay-Country Club-City Island,2969,6547
Co-op City,BX1004,947,1108,1650,1975,2452,3166,2266,2713,691,133,Co-op City,4317,7457
Pelham Parkway-Van Nest,BX1101,1124,641,1044,907,1431,2308,1402,1453,506,229,Pelham Parkway-Van Nest,4052,5185
Morris Park,BX1102,520,301,806,555,812,1526,1068,1356,576,674,Morris Park,2764,5273
Pelham Gardens,BX1103,628,208,638,555,932,1508,1242,1661,853,752,Pelham Gardens,4239,6180
Allerton,BX1104,1796,1447,1542,1201,2038,2497,1162,1416,435,215,Allerton,6575,4634
Williamsbridge-Olinville,BX1201,2545,1408,2297,2174,2558,3987,2069,2375,643,737,Williamsbridge-Olinville,9294,7720
Eastchester-Edenwald-Baychester,BX1202,1102,1073,1468,2259,1757,2677,1887,2568,1256,834,Eastchester-Edenwald-Baychester,6599,9027
Wakefield-Woodlawn,BX1203,1481,825,1294,1385,1840,2828,2401,2900,1101,796,Wakefield-Woodlawn,6374,8989
Financial District-Battery Park City,MN0101,872,321,725,451,710,1422,1427,3784,2933,9549,Financial District-Battery Park City,974,29425
Tribeca-Civic Center,MN0102,249,221,329,426,370,548,596,895,886,4727,Tribeca-Civic Center,1061,13276
SoHo-Little Italy-Hudson Square,MN0201,726,589,659,419,763,1389,1139,1810,919,2873,SoHo-Little Italy-Hudson Square,2457,12389
Greenwich Village,MN0202,744,192,648,477,860,1331,1271,2707,1694,6043,Greenwich Village,348,20667
West Village,MN0203,657,519,684,1083,1071,1460,1985,3078,2509,6590,West Village,432,23712
Chinatown-Two Bridges,MN0301,2416,2691,2641,1615,1783,1678,1187,1019,417,732,Chinatown-Two Bridges,15329,7577
Lower East Side,MN0302,3198,1916,2533,1654,2289,2342,1931,2514,1108,1886,Lower East Side,8421,14258
East Village,MN0303,4383,2676,2827,2313,2918,4010,3093,4539,2540,4604,East Village,7040,29143
Chelsea-Hudson Yards,MN0401,2721,1417,2016,1496,1668,3384,3096,5393,4057,10482,Chelsea-Hudson Yards,3106,38340
Hell's Kitchen,MN0402,2461,1210,2466,1887,2469,2961,2921,4831,3255,6051,Hell's Kitchen,2765,31471
Midtown South-Flatiron-Union Square,MN0501,738,397,489,537,530,1108,1174,1887,1619,5845,Midtown South-Flatiron-Union Square,730,18341
Midtown-Times Square,MN0502,982,567,865,303,654,662,869,1649,1458,4014,Midtown-Times Square,633,13261
Stuyvesant Town-Peter Cooper Village,MN0601,593,60,209,259,836,1457,1123,1653,1048,3263,Stuyvesant Town-Peter Cooper Village,430,13902
Gramercy,MN0602,549,369,634,429,796,1342,1394,2241,1684,4357,Gramercy,161,16562
Murray Hill-Kips Bay,MN0603,1319,889,1270,1430,1845,3455,3011,5101,3314,8600,Murray Hill-Kips Bay,2036,35142
East Midtown-Turtle Bay,MN0604,1005,259,1023,779,1271,1895,2176,3397,3050,8459,East Midtown-Turtle Bay,1277,28114
Upper West Side-Lincoln Square,MN0701,2237,897,1816,1551,1341,2676,2745,5210,3615,12705,Upper West Side-Lincoln Square,1193,41995
Upper West Side (Central),MN0702,2677,1340,2341,2173,2744,4070,4457,6912,4458,16355,Upper West Side (Central),3899,61056
Upper West Side-Manhattan Valley,MN0703,2220,1441,1442,1706,1148,2743,2003,3044,2025,5337,Upper West Side-Manhattan Valley,5902,24939
Upper East Side-Lenox Hill-Roosevelt Island,MN0801,2289,638,1881,1417,2189,5252,4552,6934,4620,12290,Upper East Side-Lenox Hill-Roosevelt Island,1712,49854
Upper East Side-Carnegie Hill,MN0802,918,483,817,1057,829,2461,2201,3233,2864,12202,Upper East Side-Carnegie Hill,608,37621
Upper East Side-Yorkville,MN0803,1611,619,2243,1490,2254,5173,4830,7989,4643,10587,Upper East Side-Yorkville,1694,50497
Morningside Heights,MN0901,1620,651,969,662,1235,1514,1026,1651,744,2196,Morningside Heights,1373,15182
Manhattanville-West Harlem,MN0902,1458,1067,928,576,1152,853,896,874,337,371,Manhattanville-West Harlem,4229,4859
Hamilton Heights-Sugar Hill,MN0903,1634,1259,2003,1942,2281,3090,2340,2509,1072,1261,Hamilton Heights-Sugar Hill,9029,14682
Harlem (South),MN1001,2385,1828,1146,1452,2087,2414,2017,2829,1403,2582,Harlem (South),5887,16939
Harlem (North),MN1002,4166,3382,3839,3020,3718,5668,3707,3840,1771,1764,Harlem (North),10431,20265
East Harlem (South),MN1101,3607,2752,3155,2163,2166,3223,2656,1901,1093,1943,East Harlem (South),8842,15271
East Harlem (North),MN1102,5255,3327,3545,2400,2705,3553,2078,2157,762,959,East Harlem (North),12506,12083
Washington Heights (South),MN1201,2742,2465,3137,2290,2783,4823,3016,3899,1699,891,Washington Heights (South),19905,18235
Washington Heights (North),MN1202,2256,1815,2757,2411,3396,4526,3832,4561,1865,1668,Washington Heights (North),13876,24984
Inwood,MN1203,1555,1218,1525,1618,1417,2602,2216,2041,820,911,Inwood,7923,10568
Astoria (North)-Ditmars-Steinway,QN0101,715,504,1286,1643,1771,3413,2485,3934,1827,1685,Astoria (North)-Ditmars-Steinway,4333,17956
Old Astoria-Hallets Point,QN0102,246,418,701,609,651,906,703,740,474,496,Old Astoria-Hallets Point,1904,3970
Astoria (Central),QN0103,1252,876,1302,1318,1790,3715,2973,4612,2105,1867,Astoria (Central),3751,22837
Astoria (East)-Woodside (North),QN0104,799,674,1786,1024,1678,2520,1914,2606,1258,791,Astoria (East)-Woodside (North),3918,12112
Queensbridge-Ravenswood-Dutch Kills,QN0105,1316,1252,1539,1029,1295,1509,960,1014,697,623,Queensbridge-Ravenswood-Dutch Kills,3387,5738
Long Island City-Hunters Point,QN0201,295,126,254,324,486,775,748,2069,1368,3022,Long Island City-Hunters Point,388,12515
Sunnyside,QN0202,816,645,1769,2034,2899,3935,2773,3359,1361,1230,Sunnyside,6779,15456
Woodside,QN0203,706,716,1022,1943,2312,3249,2437,2224,1139,815,Woodside,6600,10634
Jackson Heights,QN0301,1552,1557,3260,3362,4529,6248,4026,4412,2479,1843,Jackson Heights,14941,18673
East Elmhurst,QN0302,446,197,629,740,1210,1221,749,1156,392,246,East Elmhurst,3690,2686
North Corona,QN0303,297,348,837,912,1225,2084,1477,1394,441,312,North Corona,11181,2147
Elmhurst,QN0401,1893,1130,3198,3322,4300,6534,3943,4091,1548,966,Elmhurst,16769,18641
Corona,QN0402,1452,1014,2023,1961,3038,3427,2740,2373,868,382,Corona,14974,6973
Maspeth,QN0501,592,499,1101,997,1417,2345,1994,2664,1346,1149,Maspeth,3899,8171
Ridgewood,QN0502,1163,757,1572,1896,2611,4294,3717,4588,1911,1118,Ridgewood,8901,14734
Glendale,QN0503,491,416,789,855,1048,1816,2114,2410,1229,909,Glendale,3333,6323
Middle Village,QN0504,644,321,685,889,1485,1900,1511,2478,1459,1172,Middle Village,3148,9079
Rego Park,QN0601,1059,448,1027,951,1413,1726,1542,2224,1175,839,Rego Park,2057,11319
Forest Hills,QN0602,2547,1401,2952,2479,2917,5579,5230,7002,4400,4920,Forest Hills,4526,41222
College Point,QN0701,300,257,888,1045,1119,1638,1157,1369,642,507,College Point,4528,4028
Whitestone-Beechhurst,QN0702,329,254,745,618,901,1464,1425,2123,1065,1146,Whitestone-Beechhurst,3119,8123
Bay Terrace-Clearview,QN0703,533,279,558,677,869,1525,1490,1881,1405,859,Bay Terrace-Clearview,1471,8608
Murray Hill-Broadway Flushing,QN0704,1553,850,2614,1977,2094,3355,1958,2760,855,1131,Murray Hill-Broadway Flushing,9543,9771
East Flushing,QN0705,1013,605,1010,1178,1451,1302,1114,1431,585,500,East Flushing,6965,5325
Queensboro Hill,QN0706,395,235,576,523,728,956,628,870,438,512,Queensboro Hill,4443,3864
Flushing-Willets Point,QN0707,2665,1648,3379,3022,3165,3133,1899,2017,838,751,Flushing-Willets Point,13862,9389
Kew Gardens Hills,QN0801,533,539,1167,928,1125,1801,1926,2019,1177,776,Kew Gardens Hills,1984,9858
Pomonok-Electchester-Hillcrest,QN0802,1280,446,1114,1365,1244,1897,1368,1579,973,654,Pomonok-Electchester-Hillcrest,3612,7529
Fresh Meadows-Utopia,QN0803,399,231,513,573,991,1207,867,1271,1049,819,Fresh Meadows-Utopia,1870,7865
Jamaica Estates-Holliswood,QN0804,187,220,607,574,980,1359,1177,1197,734,1102,Jamaica Estates-Holliswood,1976,8118
Jamaica Hills-Briarwood,QN0805,632,467,1113,911,1640,2498,1873,2205,1151,923,Jamaica Hills-Briarwood,5344,10934
Kew Gardens,QN0901,602,377,820,722,912,1776,1415,1561,899,846,Kew Gardens,1340,8070
Richmond Hill,QN0902,497,299,525,961,1127,1829,1343,1545,632,815,Richmond Hill,5616,5855
South Richmond Hill,QN0903,162,155,619,484,587,1154,1022,1022,512,404,South Richmond Hill,4617,3733
Ozone Park (North),QN0904,303,142,638,683,820,993,1089,1146,663,409,Ozone Park (North),3777,3718
Woodhaven,QN0905,480,325,721,859,1386,1957,1633,2203,986,784,Woodhaven,6668,6954
South Ozone Park,QN1001,938,553,1329,1394,2391,3520,2986,4281,2043,1974,South Ozone Park,14500,11714
Ozone Park,QN1002,379,183,590,467,715,984,930,1438,695,574,Ozone Park,3112,4195
Howard Beach-Lindenwood,QN1003,728,426,550,644,1359,1626,1435,1740,1055,1178,Howard Beach-Lindenwood,2928,5850
Auburndale,QN1101,593,302,804,790,1288,1983,1508,2092,1185,1105,Auburndale,4393,9266
Bayside,QN1102,356,220,672,892,909,1870,1636,2493,1420,1613,Bayside,3133,11470
Douglaston-Little Neck,QN1103,299,209,490,715,841,1485,975,1965,1383,1430,Douglaston-Little Neck,1640,9627
Oakland Gardens-Hollis Hills,QN1104,525,201,638,791,864,1600,1165,2180,891,1010,Oakland Gardens-Hollis Hills,1948,8069
Jamaica,QN1201,1038,984,1574,1628,2527,3042,2130,2141,702,468,Jamaica,10512,8815
South Jamaica,QN1202,770,655,1149,1036,1517,2025,1675,1670,838,497,South Jamaica,6295,4655
Baisley Park,QN1203,591,453,836,787,1486,2261,1902,2229,1007,693,Baisley Park,4720,5557
Springfield Gardens (North)-Rochdale Village,QN1204,720,379,886,925,1639,2579,1643,2034,575,379,Springfield Gardens (North)-Rochdale Village,2392,4734
St. Albans,QN1205,626,613,811,1127,1624,2265,2143,3282,1516,1282,St. Albans,4441,8864
Hollis,QN1206,325,167,501,466,688,1404,1034,1171,636,491,Hollis,2456,3904
Glen Oaks-Floral Park-New Hyde Park,QN1301,296,384,385,713,592,1286,1492,1994,1045,997,Glen Oaks-Floral Park-New Hyde Park,2076,8595
Bellerose,QN1302,384,273,374,291,751,1230,1017,1897,1147,879,Bellerose,2558,6987
Queens Village,QN1303,530,467,985,1225,1555,2330,2219,3378,1600,1310,Queens Village,6293,9972
Cambria Heights,QN1304,229,122,208,345,429,905,881,1437,905,803,Cambria Heights,1272,5526
Laurelton,QN1305,296,106,422,394,669,1308,1155,1808,1046,937,Laurelton,1700,5713
Springfield Gardens (South)-Brookville,QN1306,155,189,259,336,630,805,1180,1293,673,431,Springfield Gardens (South)-Brookville,1915,3638
Rosedale,QN1307,185,277,339,473,752,1103,1286,1883,864,689,Rosedale,2315,4627
Far Rockaway-Bayswater,QN1401,2035,1488,1378,1759,2407,3299,2002,2404,1050,965,Far Rockaway-Bayswater,8453,9993
Rockaway Beach-Arverne-Edgemere,QN1402,1284,938,1774,1473,2034,2119,1528,1552,813,763,Rockaway Beach-Arverne-Edgemere,5760,6255
Breezy Point-Belle Harbor-Rockaway Park-Broad Channel,QN1403,400,359,571,649,742,1338,1255,1641,1298,1464,Breezy Point-Belle Harbor-Rockaway Park-Broad Channel,1762,8272
St. George-New Brighton,SI0101,1244,354,842,419,799,896,844,888,495,371,St. George-New Brighton,2223,4200
Tompkinsville-Stapleton-Clifton-Fox Hills,SI0102,1089,487,548,498,643,633,382,573,162,324,Tompkinsville-Stapleton-Clifton-Fox Hills,2574,2370
Rosebank-Shore Acres-Park Hill,SI0103,1084,418,797,787,684,1091,850,1511,611,548,Rosebank-Shore Acres-Park Hill,2910,4739
West New Brighton-Silver Lake-Grymes Hill,SI0104,1299,504,700,558,1216,1782,1414,2390,1443,1319,West New Brighton-Silver Lake-Grymes Hill,2534,9417
Westerleigh-Castleton Corners,SI0105,544,219,521,619,746,1393,1416,2251,1472,1810,Westerleigh-Castleton Corners,1796,8129
Port Richmond,SI0106,876,222,432,517,567,1041,661,1108,410,221,Port Richmond,2364,2781
Mariner's Harbor-Arlington-Graniteville,SI0107,1399,398,636,608,794,1507,1323,1978,1074,435,Mariner's Harbor-Arlington-Graniteville,3631,5178
Grasmere-Arrochar-South Beach-Dongan Hills,SI0201,1000,660,694,839,1198,1656,1487,2215,1368,1217,Grasmere-Arrochar-South Beach-Dongan Hills,3491,8259
New Dorp-Midland Beach,SI0202,343,311,647,622,799,1677,1532,1826,1033,995,New Dorp-Midland Beach,2666,5869
Todt Hill-Emerson Hill-Lighthouse Hill-Manor Heights,SI0203,481,434,652,513,972,1131,668,2074,1248,1842,Todt Hill-Emerson Hill-Lighthouse Hill-Manor Heights,2156,9080
New Springville-Willowbrook-Bulls Head-Travis,SI0204,704,183,1004,882,1409,2044,1997,3290,1508,1927,New Springville-Willowbrook-Bulls Head-Travis,3031,10291
Oakwood-Richmondtown,SI0301,321,434,580,703,516,1199,1261,1354,761,760,Oakwood-Richmondtown,1286,4192
Great Kills-Eltingville,SI0302,789,503,990,1202,1204,2600,2526,4584,2664,2571,Great Kills-Eltingville,2111,14676
Arden Heights-Rossville,SI0303,442,285,531,604,934,1577,1255,2483,1440,1175,Arden Heights-Rossville,1148,7029
Annadale-Huguenot-Prince's Bay-Woodrow,SI0304,280,361,713,470,1076,1730,1612,2824,2204,2575,Annadale-Huguenot-Prince's Bay-Woodrow,2357,10990
Tottenville-Charleston,SI0305,159,145,321,367,718,820,866,913,585,1267,Tottenville-Charleston,912,4592
Rikers Island,QN0151,0,0,0,0,0,0,0,0,0,0,Rikers Island,2810,81
Brooklyn Navy Yard,BK0261,0,0,1,0,0,0,0,1,1,1,Brooklyn Navy Yard,0,4
Fort Hamilton,BK1061,0,0,0,13,11,78,14,166,11,42,Fort Hamilton,50,391
Hutchinson Metro Center,BX1161,0,0,0,0,5,0,0,0,0,0,Hutchinson Metro Center,156,58
United Nations,MN0661,0,0,0,0,0,0,0,0,0,0,United Nations,0,0
Sunnyside Yards (North),QN0161,0,0,0,0,0,0,0,0,27,0,Sunnyside Yards (North),0,14
Sunnyside Yards (South),QN0261,0,0,0,0,0,0,0,0,0,0,Sunnyside Yards (South),0,0
Fort Totten,QN0761,0,0,0,0,0,0,0,0,0,0,Fort Totten,0,0
Fort Wadsworth,SI9561,0,0,0,0,49,36,46,12,33,5,Fort Wadsworth,9,151
The Evergreens Cemetery,BK0471,0,0,0,0,0,0,0,0,0,0,The Evergreens Cemetery,0,0
Highland Park-Cypress Hills Cemeteries (South),BK0571,0,0,0,0,0,0,0,0,0,0,Highland Park-Cypress Hills Cemeteries (South),0,0
Green-Wood Cemetery,BK0771,0,0,0,0,0,0,0,0,0,0,Green-Wood Cemetery,0,0
Holy Cross Cemetery,BK1771,0,0,0,0,0,0,0,5,0,0,Holy Cross Cemetery,0,16
Hart Island,BX1071,0,0,0,0,0,0,0,0,0,0,Hart Island,0,0
Woodlawn Cemetery,BX1271,0,0,0,0,0,0,0,0,0,0,Woodlawn Cemetery,0,0
St. Michael's Cemetery,QN0171,0,0,0,0,0,0,0,0,0,0,St. Michael's Cemetery,0,0
Calvary & Mount Zion Cemeteries,QN0271,0,0,0,0,0,0,0,0,0,0,Calvary & Mount Zion Cemeteries,0,0
Mount Olivet & All Faiths Cemeteries,QN0571,0,0,0,0,0,14,0,0,0,0,Mount Olivet & All Faiths Cemeteries,0,0
Middle Village Cemetery,QN0572,0,0,0,0,0,0,0,0,0,0,Middle Village Cemetery,0,0
St. John Cemetery,QN0573,0,0,0,0,0,0,0,0,0,0,St. John Cemetery,0,0
Highland Park-Cypress Hills Cemeteries (North),QN0574,0,0,0,4,0,0,0,4,0,0,Highland Park-Cypress Hills Cemeteries (North),0,9
Mount Hebron & Cedar Grove Cemeteries,QN0871,0,0,0,0,0,0,0,0,0,0,Mount Hebron & Cedar Grove Cemeteries,0,0
Montefiore Cemetery,QN1371,0,0,0,0,0,0,0,0,0,0,Montefiore Cemetery,0,0
LaGuardia Airport,QN8081,0,0,0,0,0,0,0,0,0,0,LaGuardia Airport,0,0
John F. Kennedy International Airport,QN8381,0,0,0,0,0,0,0,0,0,0,John F. Kennedy International Airport,0,0
Lincoln Terrace Park,BK0891,0,0,0,0,0,0,0,0,0,0,Lincoln Terrace Park,0,0
Dyker Beach Park,BK1091,11,0,0,0,0,0,0,0,0,0,Dyker Beach Park,0,11
Calvert Vaux Park,BK1391,0,0,0,0,0,0,0,0,0,0,Calvert Vaux Park,0,0
Marine Park-Plumb Island,BK1891,0,0,0,0,0,0,0,0,0,0,Marine Park-Plumb Island,0,0
McGuire Fields,BK1892,0,0,0,0,0,0,0,0,0,0,McGuire Fields,0,0
Canarsie Park & Pier,BK1893,0,0,0,0,0,0,0,0,0,0,Canarsie Park & Pier,0,0
Prospect Park,BK5591,0,0,0,0,0,0,0,0,0,0,Prospect Park,0,0
Barren Island-Floyd Bennett Field,BK5691,0,0,0,0,0,0,0,0,0,4,Barren Island-Floyd Bennett Field,0,8
Jamaica Bay (West),BK5692,0,0,0,0,0,0,0,0,0,0,Jamaica Bay (West),0,0
Shirley Chisholm State Park,BK5693,0,0,0,0,0,0,0,0,0,0,Shirley Chisholm State Park,0,0
North & South Brother Islands,BX0291,0,0,0,0,0,0,0,0,0,0,North & South Brother Islands,0,0
Crotona Park,BX0391,0,0,0,0,0,0,0,0,0,0,Crotona Park,0,0
Yankee Stadium-Macombs Dam Park,BX0491,0,0,0,0,0,0,0,0,0,0,Yankee Stadium-Macombs Dam Park,0,0
Claremont Park,BX0492,0,0,0,0,0,0,0,0,0,0,Claremont Park,0,0
Soundview Park,BX0991,0,0,0,0,0,0,0,0,0,38,Soundview Park,0,90
Ferry Point Park-St. Raymond Cemetery,BX1091,0,0,0,0,0,0,0,0,0,0,Ferry Point Park-St. Raymond Cemetery,0,0
Van Cortlandt Park,BX2691,0,0,0,0,0,0,0,0,0,0,Van Cortlandt Park,0,0
Bronx Park,BX2791,0,0,0,0,0,5,0,0,0,0,Bronx Park,1,0
Pelham Bay Park,BX2891,0,4,0,0,4,0,0,0,0,0,Pelham Bay Park,4,0
The Battery-Governors Island-Ellis Island-Liberty Island,MN0191,0,0,0,0,0,0,0,0,0,0,The Battery-Governors Island-Ellis Island-Liberty Island,0,0
Randall's Island,MN1191,0,0,0,0,0,0,0,0,0,0,Randall's Island,838,65
Highbridge Park,MN1291,0,0,0,0,0,0,0,0,0,0,Highbridge Park,0,0
Inwood Hill Park,MN1292,0,0,0,0,0,0,0,0,0,0,Inwood Hill Park,16,0
Central Park,MN6491,0,0,0,0,0,0,0,0,0,0,Central Park,0,0
Astoria Park,QN0191,0,0,0,0,0,0,0,0,0,0,Astoria Park,0,0
Kissena Park,QN0791,0,0,0,0,0,0,0,0,0,0,Kissena Park,0,0
Cunningham Park,QN0891,0,0,0,0,0,0,0,0,0,0,Cunningham Park,0,0
Spring Creek Park,QN1091,0,0,0,0,0,0,0,0,0,0,Spring Creek Park,1,1
Alley Pond Park,QN1191,0,0,0,0,0,0,0,0,0,0,Alley Pond Park,16,7
Rockaway Community Park,QN1491,0,0,0,0,0,0,0,0,0,0,Rockaway Community Park,0,0
Flushing Meadows-Corona Park,QN8191,0,0,0,0,0,0,0,0,0,0,Flushing Meadows-Corona Park,0,0
Forest Park,QN8291,0,0,0,0,0,0,0,0,0,0,Forest Park,0,0
Jamaica Bay (East),QN8491,0,0,0,0,0,0,0,0,0,0,Jamaica Bay (East),0,0
Jacob Riis Park-Fort Tilden-Breezy Point Tip,QN8492,0,0,0,0,3,3,0,0,0,0,Jacob Riis Park-Fort Tilden-Breezy Point Tip,5,3
Snug Harbor,SI0191,0,0,0,0,0,0,0,0,0,0,Snug Harbor,0,1
Freshkills Park (North),SI0291,0,0,1,1,1,2,4,3,1,3,Freshkills Park (North),5,11
Freshkills Park (South),SI0391,0,0,0,0,0,4,0,0,0,5,Freshkills Park (South),0,18
Hoffman & Swinburne Islands,SI9591,0,0,0,0,0,0,0,0,0,0,Hoffman & Swinburne Islands,0,0
Miller Field,SI9592,0,1,1,0,1,1,2,2,1,1,Miller Field,3,4
Great Kills Park,SI9593,0,0,0,0,0,0,0,0,0,0,Great Kills Park,0,0
